{
    "elo_diff": 0.3558087944984436,
    "rank_diff": 0.27927166223526,
    "goal_diff_diff": 0.07275877892971039,
    "defense_diff": 0.017833637073636055,
    "attack_diff": 0.01228853315114975,
    "form5_diff": 0.011476687155663967,
    "form10_diff": 0.010942419059574604,
    "competition_weight": 0.006407133769243956,
    "competitive_form_diff": 0.004876693245023489
}